tag,backbone,arm,head,amp,seq_len,flags,status,alloc_peak_gb,reserved_peak_gb,nvidia_smi_peak_gib,ms_iter,data_ms,backbone_fwd_ms,head_fwd_ms,backward_ms,trainable_M,loss_first,loss_last,commit,note
RN50_E0,resnet50,E0,B4,off,8,,oom,未量測,未量測,11.229,未量測,未量測,未量測,未量測,未量測,52.14,未量測,未量測,dfcfcd8,"OutOfMemoryError: CUDA out of memory. Tried to allocate 614.00 MiB. GPU 0 has a total capacity of 11.75 GiB of which 532.81 MiB is free. Including non-PyTorch memory, this process has 11.10 GiB memory in use. Of the allocated memory 10.55 GiB is allocated by PyTorch, and 266.09 MiB is reserved by Py"
RN50_E1,resnet50,E1,B4,off,8,--grad_ckpt --ckpt_prefix 14 --ckpt_segments 7,ok,7.664,9.705,10.148,748.795,9.309,166.964,34.497,503.727,52.14,2.7589004,1.3381448,dfcfcd8,
RN50_D,resnet50,D,B4,off,8,--backbone_mode partial_l4,ok,2.657,3.854,4.295,321.858,9.062,151.508,34.944,92.077,43.60,2.7171669,1.5349673,dfcfcd8,
RN50_A,resnet50,A,B4,off,8,--backbone_mode frozen,ok,2.398,3.254,3.693,286.157,9.175,151.281,34.817,56.542,28.63,4.6483212,1.9351240,dfcfcd8,
RN50_B,resnet50,B,B4,off,8,--backbone_mode top_adapter,ok,2.428,3.275,3.715,286.511,9.131,151.653,35.139,57.491,32.50,4.2970376,1.8824685,dfcfcd8,
RN50_C,resnet50,C,B4,off,8,--backbone_mode lst,ok,2.481,3.258,3.697,303.904,9.181,161.807,35.485,64.830,32.50,4.3077912,1.8668214,dfcfcd8,
RN18_E0,resnet18,E0,B4,off,8,,ok,5.529,8.623,9.064,305.263,9.311,51.966,35.297,173.387,36.27,4.0059061,1.5173373,dfcfcd8,
RN18_A,resnet18,A,B4,off,8,--backbone_mode frozen,ok,1.578,1.742,2.182,195.161,9.898,48.525,35.437,58.818,25.09,4.6330276,1.9914541,dfcfcd8,
RN18_B,resnet18,B,B4,off,8,--backbone_mode top_adapter,ok,1.585,1.744,2.184,196.513,10.094,48.284,35.470,59.977,25.87,5.0621161,1.9446222,dfcfcd8,
RN18_C,resnet18,C,B4,off,8,--backbone_mode lst,ok,1.603,2.363,2.805,201.000,10.614,51.266,35.721,62.358,25.87,4.7921605,1.9814441,dfcfcd8,
RN18_D,resnet18,D,B4,off,8,--backbone_mode partial_l4,ok,1.652,2.342,2.781,206.249,10.002,48.252,35.045,74.158,33.49,3.9529548,1.7342540,dfcfcd8,
RN50_E0_fp16,resnet50,E0,B4,fp16,8,--amp fp16,ok,10.613,11.174,11.496,411.489,9.359,92.675,37.892,236.746,52.14,8.4462204,1.4954625,dfcfcd8,
RN50_E1_fp16,resnet50,E1,B4,fp16,8,--grad_ckpt --ckpt_prefix 14 --ckpt_segments 7 --amp fp16,ok,4.222,5.812,6.258,485.501,9.393,93.076,37.968,309.964,52.14,9.0635157,1.4188187,dfcfcd8,
RN50_D_fp16,resnet50,D,B4,fp16,8,--backbone_mode partial_l4 --amp fp16,ok,1.691,2.455,2.898,246.068,9.317,83.857,38.763,80.994,43.60,5.2941666,1.6007026,dfcfcd8,
RN50_A_fp16,resnet50,A,B4,fp16,8,--backbone_mode frozen --amp fp16,ok,1.502,2.152,2.596,228.797,9.199,84.580,38.798,62.397,28.63,10.3350077,1.9907779,dfcfcd8,
RN50_B_fp16,resnet50,B,B4,fp16,8,--backbone_mode top_adapter --amp fp16,ok,1.538,2.174,2.617,228.913,9.306,84.781,38.175,63.329,32.50,13.3516226,1.9591033,dfcfcd8,
RN50_C_fp16,resnet50,C,B4,fp16,8,--backbone_mode lst --amp fp16,ok,1.575,2.164,2.607,243.093,9.196,93.448,37.978,68.417,32.50,14.4593182,1.9260051,dfcfcd8,
RN18_E0_fp16,resnet18,E0,B4,fp16,8,--amp fp16,ok,3.309,4.527,4.971,240.907,9.351,31.707,37.395,126.891,36.27,9.9131556,1.6230440,dfcfcd8,
RN18_A_fp16,resnet18,A,B4,fp16,8,--backbone_mode frozen --amp fp16,ok,1.111,1.555,1.998,182.166,9.755,29.085,37.383,63.575,25.09,8.8603020,2.0184972,dfcfcd8,
RN18_B_fp16,resnet18,B,B4,fp16,8,--backbone_mode top_adapter --amp fp16,ok,1.120,1.559,2.002,184.273,9.927,29.134,37.472,63.962,25.87,9.0302763,1.9973073,dfcfcd8,
RN18_C_fp16,resnet18,C,B4,fp16,8,--backbone_mode lst --amp fp16,ok,1.132,1.574,2.018,188.051,9.997,31.766,37.675,65.761,25.87,16.0233688,2.0784681,dfcfcd8,
RN18_D_fp16,resnet18,D,B4,fp16,8,--backbone_mode partial_l4 --amp fp16,ok,1.180,1.557,2.000,190.505,9.955,28.917,37.904,71.334,33.49,7.1134224,1.8580312,dfcfcd8,
RN50_C_T16,resnet50,C,B4,off,16,--backbone_mode lst --seq_len 16,ok,4.616,6.309,6.753,599.358,18.379,317.897,63.634,130.374,32.50,3.7345898,1.7780168,dfcfcd8,
RN18_C_T16,resnet18,C,B4,off,16,--backbone_mode lst --seq_len 16,ok,2.957,4.521,4.964,392.319,19.348,101.875,63.988,120.596,25.87,4.5980091,1.8883492,dfcfcd8,
RN50_E1_B1,resnet50,E1,B1,off,8,--grad_ckpt --ckpt_prefix 14 --ckpt_segments 7,ok,7.485,10.008,10.453,665.610,9.022,168.011,2.829,452.456,28.23,9.4902697,1.8485401,dfcfcd8,
RN50_A_B1,resnet50,A,B1,off,8,--backbone_mode frozen,ok,2.218,3.166,3.602,203.616,9.689,152.977,2.824,2.955,4.72,16.4625607,3.1205566,dfcfcd8,
RN50_B_B1,resnet50,B,B1,off,8,--backbone_mode top_adapter,ok,2.248,3.168,3.604,205.373,9.775,153.270,2.872,4.435,8.60,16.1578579,2.9368305,dfcfcd8,
RN50_C_B1,resnet50,C,B1,off,8,--backbone_mode lst,ok,2.301,3.170,3.609,221.656,8.995,164.179,2.835,12.079,8.59,17.9996910,2.2306342,dfcfcd8,
RN50_D_B1,resnet50,D,B1,off,8,--backbone_mode partial_l4,ok,2.478,3.766,4.207,238.959,9.266,152.863,2.833,39.747,19.69,9.9147596,1.6670128,dfcfcd8,
RN18_E0_B1,resnet18,E0,B1,off,8,,ok,5.160,8.332,8.771,216.391,9.460,52.282,2.588,118.605,12.36,19.3215523,2.6504574,dfcfcd8,
RN18_A_B1,resnet18,A,B1,off,8,--backbone_mode frozen,ok,1.397,1.646,2.080,118.675,11.396,48.953,2.987,2.943,1.18,17.2636490,3.4400103,dfcfcd8,
RN18_B_B1,resnet18,B,B1,off,8,--backbone_mode top_adapter,ok,1.404,1.648,2.082,119.486,10.936,48.565,3.013,4.214,1.96,17.7691917,3.4683907,dfcfcd8,
RN18_C_B1,resnet18,C,B1,off,8,--backbone_mode lst,ok,1.422,1.668,2.107,124.138,11.071,52.080,2.981,6.664,1.96,19.4632702,2.5616817,dfcfcd8,
RN18_D_B1,resnet18,D,B1,off,8,--backbone_mode partial_l4,ok,1.470,2.246,2.684,128.613,10.893,48.702,2.957,18.182,9.58,15.7740688,2.5781214,dfcfcd8,
