tag,start,end,hours,rc,status,ckpt_dir,evals,cmd
rn18_A_B1_anchor25k,2026-10-05 18:21:19,2026-10-05 19:24:15,1.049,0,ok,/home/ccwu/trx_data/checkpoints/lst1005_rn18_A_B1_anchor25k,46.5+/-0.4,python run.py --config configs/frozen_rn18_b1.yaml --seed 42 --training_iterations 25020 --test_iters 25000 --dataset hmdb --split 3 --scratch /home/ccwu/Documents/work/trx/trx_data -c /home/ccwu/trx_data/checkpoints/lst1005_rn18_A_B1_anchor25k
rn18_E_B1_s42,2026-10-05 19:24:15,2026-10-05 22:46:41,3.374,0,ok,/home/ccwu/trx_data/checkpoints/lst1005_rn18_E_B1_s42,49.5+/-0.4;49.0+/-0.4,python run.py --config configs/b1_backbone_1shot.yaml --seed 42 --training_iterations 50020 --test_iters 25000 50000 --dataset hmdb --split 3 --scratch /home/ccwu/Documents/work/trx/trx_data -c /home/ccwu/trx_data/checkpoints/lst1005_rn18_E_B1_s42
rn18_E_B4_s42,2026-10-05 22:46:41,2026-10-06 03:25:03,4.639,0,ok,/home/ccwu/trx_data/checkpoints/lst1005_rn18_E_B4_s42,49.6+/-0.4;50.4+/-0.4,python run.py --config configs/stage2_true_hyrsm_b4_tuple.yaml --seed 42 --training_iterations 50020 --test_iters 25000 50000 --dataset hmdb --split 3 --scratch /home/ccwu/Documents/work/trx/trx_data -c /home/ccwu/trx_data/checkpoints/lst1005_rn18_E_B4_s42
rn18_C_B1_s42,2026-10-06 03:25:04,2026-10-06 05:35:16,2.170,0,ok,/home/ccwu/trx_data/checkpoints/lst1005_rn18_C_B1_s42,47.3+/-0.4;48.8+/-0.4,python run.py --config configs/frozen_rn18_b1.yaml --backbone_mode lst --seed 42 --training_iterations 50020 --test_iters 25000 50000 --dataset hmdb --split 3 --scratch /home/ccwu/Documents/work/trx/trx_data -c /home/ccwu/trx_data/checkpoints/lst1005_rn18_C_B1_s42
rn18_C_B4_s42,2026-10-06 05:35:16,2026-10-06 08:49:53,3.244,0,ok,/home/ccwu/trx_data/checkpoints/lst1005_rn18_C_B4_s42,45.4+/-0.4;45.9+/-0.4,python run.py --config configs/frozen_rn18_b4.yaml --backbone_mode lst --seed 42 --training_iterations 50020 --test_iters 25000 50000 --dataset hmdb --split 3 --scratch /home/ccwu/Documents/work/trx/trx_data -c /home/ccwu/trx_data/checkpoints/lst1005_rn18_C_B4_s42
rn18_D_B1_s42,2026-10-06 08:49:54,2026-10-06 11:02:37,2.212,0,ok,/home/ccwu/trx_data/checkpoints/lst1005_rn18_D_B1_s42,47.1+/-0.4;46.7+/-0.4,python run.py --config configs/b1_backbone_1shot.yaml --backbone_mode partial_l4 --seed 42 --training_iterations 50020 --test_iters 25000 50000 --dataset hmdb --split 3 --scratch /home/ccwu/Documents/work/trx/trx_data -c /home/ccwu/trx_data/checkpoints/lst1005_rn18_D_B1_s42
rn18_D_B4_s42,2026-10-06 11:02:38,2026-10-06 14:20:55,3.305,0,ok,/home/ccwu/trx_data/checkpoints/lst1005_rn18_D_B4_s42,45.6+/-0.4;44.8+/-0.4,python run.py --config configs/stage2_true_hyrsm_b4_tuple.yaml --backbone_mode partial_l4 --seed 42 --training_iterations 50020 --test_iters 25000 50000 --dataset hmdb --split 3 --scratch /home/ccwu/Documents/work/trx/trx_data -c /home/ccwu/trx_data/checkpoints/lst1005_rn18_D_B4_s42
rn18_B_B1_s42,2026-10-06 14:20:56,2026-10-06 16:27:51,2.115,0,ok,/home/ccwu/trx_data/checkpoints/lst1005_rn18_B_B1_s42,47.1+/-0.4;46.6+/-0.4,python run.py --config configs/frozen_rn18_b1.yaml --backbone_mode top_adapter --seed 42 --training_iterations 50020 --test_iters 25000 50000 --dataset hmdb --split 3 --scratch /home/ccwu/Documents/work/trx/trx_data -c /home/ccwu/trx_data/checkpoints/lst1005_rn18_B_B1_s42
rn18_A_B1_noaug25k,2026-10-06 16:27:51,2026-10-06 17:31:09,1.055,0,ok,/home/ccwu/trx_data/checkpoints/lst1005_rn18_A_B1_noaug25k,45.9+/-0.4,python run.py --config configs/frozen_rn18_b1.yaml --train_aug none --seed 42 --training_iterations 25020 --test_iters 25000 --dataset hmdb --split 3 --scratch /home/ccwu/Documents/work/trx/trx_data -c /home/ccwu/trx_data/checkpoints/lst1005_rn18_A_B1_noaug25k
