stage,backbone,config,grad_ckpt,ckpt_segments,phase,iters,alloc_peak_gb,reserved_peak_gb,nvidia_smi_peak_gb,ms_iter,data_ms,backbone_fwd_ms,head_fwd_ms,backward_ms,oom,oom_at_iter,commit,note
1,resnet50,configs/stage2_true_hyrsm_b4_tuple.yaml,yes,8,train,300,7.664,9.703,未量測,未量測,未量測,未量測,未量測,未量測,no,,c18b12a,"alloc/reserved 全程 9 個視窗持平無漂移；沒有時間分段（--profile_time 是階段5才加）"
2a,resnet50,configs/stage2_true_hyrsm_b4_tuple.yaml,yes,8,eval,500,0.837,0.959,未量測,未量測,未量測,未量測,未量測,未量測,no,,68199cc,"用階段1 checkpoint200.pt（訓練僅200 iter，acc=51.16%無意義，只驗評估路徑真的在算東西）"
2b,resnet50,configs/stage2_true_hyrsm_b4_tuple.yaml,yes,8,eval,2000,0.837,0.959,未量測,未量測,未量測,未量測,未量測,未量測,no,,68199cc,"同上 checkpoint，acc=50.66%；峰值與2a完全一致，無隨episode累積"
3a,resnet34,configs/stage2_true_hyrsm_b4_tuple.yaml,no,N/A,train,300,7.864,11.004,未量測,439.6,未量測,未量測,未量測,未量測,no,,5b10c19,"ms_iter來源：/usr/bin/time -v wall clock 除以300粗估，含模型初始化與dataloader暖身，非--profile_time中位數"
3b,resnet34,configs/stage2_true_hyrsm_b4_tuple.yaml,yes,8,train,300,3.350,6.453,未量測,510.8,未量測,未量測,未量測,未量測,no,,5b10c19,"ms_iter來源同3a（/usr/bin/time粗估）；flat8相對3a節省率：alloc 57.40%／reserved 41.36%"
5,resnet50,configs/stage2_true_hyrsm_b4_tuple.yaml,yes,8,train,100,未量測,未量測,未量測,732.618,9.338,163.674,32.764,494.251,no,,577b086,"ms_iter來源：--profile_time中位數(total wall)。backward_ms欄=backward+step合計。H2D=31.473ms(4.30%)為原欄位表沒有的第五段，未併入data_ms或backward_ms；五段加總與total誤差0.15%"
5,resnet34,configs/stage2_true_hyrsm_b4_tuple.yaml,no,N/A,train,100,未量測,未量測,未量測,418.099,9.291,90.604,32.705,253.568,no,,577b086,"ms_iter來源：--profile_time中位數。backward_ms欄=backward+step合計。H2D=30.885ms(7.39%)另記，不在此四欄內；誤差0.25%"
5,resnet34,configs/stage2_true_hyrsm_b4_tuple.yaml,yes,8,train,100,未量測,未量測,未量測,485.081,9.416,90.868,33.016,320.477,no,,577b086,"ms_iter來源：--profile_time中位數。backward_ms欄=backward+step合計。H2D=30.323ms(6.25%)另記；誤差0.20%。與裸跑相比backbone_fwd幾乎不變(+0.264ms)、H2D幾乎不變(-0.562ms)、backward_ms多66.909ms——ckpt代價100%落在backward段"
5b,resnet18,configs/frozen_rn18_b1.yaml,no,N/A,train,100,未量測,未量測,未量測,114.459,10.993,47.914,2.893,2.861,no,,577b086,"freeze_backbone=yes（自動關閉grad_ckpt）。ms_iter來源：--profile_time中位數。backward_ms欄=backward+step合計，僅2.861ms。H2D=48.650ms(42.50%)另記，是凍結情境單一最大段；data+H2D+backbone_fwd合計93.97%(=離線特徵快取可消掉的部分)；誤差1.00%"
